Date,Time,department_abbreviation,department_name,service_name,call_resolution,zip_code
2014-01-01T00:00:00,8:08:54,DOT,Department of Transportation,Parking Enforcement,Transfer (City),91605
2014-01-01T00:00:00,8:09:00,LAPD,Los Angeles Police Department,Police Stations (Front Desk / Public Counter - 25 locations),Gave Caller Information,90402
2014-01-01T00:00:00,8:09:34,DOT,Department of Transportation,Meter Request Service,Gave Caller Information,99999
2014-01-01T00:00:00,8:10:11,BOS,PW/Bureau of Sanitation,Replacement/Repair of Curbside Trash Containers,Gave Caller Information,90023
2014-01-01T00:00:00,8:11:01,BOS,PW/Bureau of Sanitation,Bulky Item Pick-up,Service Request Processed,90044
2014-01-01T00:00:00,8:11:07,BSS,PW/Bureau of Street Services,Maintenance of Public Street Landscape,Gave Caller Information,91605
2014-01-01T00:00:00,8:11:25,BPW,PW/Board of Public Works,Graffiti Removal - Community Beautification,Service Request Processed,90029
2014-01-01T00:00:00,8:12:23,BOS,PW/Bureau of Sanitation,Bulky Item Pick-up,Service Request Processed,90019
2014-01-01T00:00:00,8:12:36,LAPD,Los Angeles Police Department,877 ASK-LAPD - Non-emergency Police Service,Gave Caller Information,90004
2014-01-01T00:00:00,8:13:56,BSS,PW/Bureau of Street Services,Street Use Permits,Gave Caller Information,90042
2014-01-01T00:00:00,8:14:25,DOT,Department of Transportation,Impounded/Towed Vehicle,Got Voicemail (City),99999
2014-01-01T00:00:00,8:15:05,BSS,PW/Bureau of Street Services,Bureau of Street Services Complaints,Gave Caller Information,90043
2014-01-01T00:00:00,8:15:16,,,,Info Not Available (Non-City),90043
2014-01-01T00:00:00,8:16:20,LAPD,Los Angeles Police Department,Police Stations (Front Desk / Public Counter - 25 locations),Transfer (City),90025
2014-01-01T00:00:00,8:16:44,DOT,Department of Transportation,Parking Enforcement,Gave Caller Information,90042
2014-01-01T00:00:00,8:17:02,DOT,Department of Transportation,Parking Enforcement,Transfer (City),90019
2014-01-01T00:00:00,8:18:00,DOT,Department of Transportation,Parking Enforcement,Transfer (City),90062
2014-01-01T00:00:00,8:20:51,DOT,Department of Transportation,Abandoned Vehicles,Gave Caller Information,90016
2014-01-01T00:00:00,8:21:00,LAPD,Los Angeles Police Department,877 ASK-LAPD - Non-emergency Police Service,Gave Caller Information,91401
2014-01-01T00:00:00,8:27:33,DWP,Department of Water and Power,Billing Inquiries/Payment Arrangements,Transfer (City),91335
2014-01-01T00:00:00,8:27:39,BSS,PW/Bureau of Street Services,Street Use Permits,Gave Caller Information,90018
2014-01-01T00:00:00,8:28:21,DOT,Department of Transportation,Impounded/Towed Vehicle,Transfer (City),90028
2014-01-01T00:00:00,8:28:42,LAFD,Los Angeles Fire Department,Fire Department - Red Flag Day Parking Restriction,Gave Caller Information,90068
2014-01-01T00:00:00,8:30:16,DOT,Department of Transportation,Parking Enforcement,Gave Caller Information,90018
2014-01-01T00:00:00,8:30:31,DOT,Department of Transportation,Parking Enforcement,Transfer (City),91335
2014-01-01T00:00:00,8:32:09,DWP,Department of Water and Power,Emergency Service/Trouble Requests,Transfer (City),90731
2014-01-01T00:00:00,8:35:02,BOS,PW/Bureau of Sanitation,Bulky Item Pick-up,Service Request Processed,90026
2014-01-01T00:00:00,8:37:58,BSS,PW/Bureau of Street Services,Bureau of Street Services Complaints,Gave Caller Information,90016
2014-01-01T00:00:00,8:38:17,BOS,PW/Bureau of Sanitation,Bulky Item Pick-up,Service Request Processed,90059
2014-01-01T00:00:00,8:38:21,DOT,Department of Transportation,Parking Enforcement,Transfer (City),90036
2014-01-01T00:00:00,8:40:14,DOT,Department of Transportation,Impounded/Towed Vehicle,Transfer (City),90035
2014-01-01T00:00:00,8:41:25,DOT,Department of Transportation,Blocked Driveways,Transfer (City),90019
2014-01-01T00:00:00,8:42:58,LAPD,Los Angeles Police Department,Police Stations (Front Desk / Public Counter - 25 locations),Transfer (City),91606
2014-01-01T00:00:00,8:43:09,LAPD,Los Angeles Police Department,Police Stations (Front Desk / Public Counter - 25 locations),Transfer (City),91604
2014-01-01T00:00:00,8:43:50,,,,Info Not Available (Non-City),90043
2014-01-01T00:00:00,8:44:09,,,,Referred To County,93535
2014-01-01T00:00:00,8:44:25,DWP,Department of Water and Power,DWP Discount Rates,Transfer (City),90035
2014-01-01T00:00:00,8:48:13,BOS,PW/Bureau of Sanitation,Bulky Item Pick-up,Gave Caller Information,91342
2014-01-01T00:00:00,8:51:11,,,,Info Not Available (Non-City),99999
2014-01-01T00:00:00,8:52:35,DOT,Department of Transportation,Blocked Driveways,Transfer (City),91605
2014-01-01T00:00:00,8:53:04,,,,Gave Caller Information,90248
2014-01-01T00:00:00,8:54:01,DOT,Department of Transportation,Parking Enforcement,Gave Caller Information,90018
2014-01-01T00:00:00,8:55:05,BOS,PW/Bureau of Sanitation,Bulky Item Pick-up,Service Request Processed,90012
2014-01-01T00:00:00,8:57:35,BOS,PW/Bureau of Sanitation,Bulky Item Pick-up,Service Request Processed,91607
2014-01-01T00:00:00,8:58:30,LAPD,Los Angeles Police Department,Official Police Garage Tow (OPG) - LAPD,Transfer (City),90012
2014-01-01T00:00:00,8:58:45,BSS,PW/Bureau of Street Services,Bureau of Street Services Complaints,Gave Caller Information,99999
2014-01-01T00:00:00,8:59:14,BSS,PW/Bureau of Street Services,Street Use Permits,Gave Caller Information,90018
2014-01-01T00:00:00,8:59:29,LAPD,Los Angeles Police Department,Recruitment and Employment Division - LAPD,Gave Caller Information,11706
2014-01-01T00:00:00,9:02:25,LAPD,Los Angeles Police Department,Internal Affairs Group - LAPD,Gave Caller Information,90004
2014-01-01T00:00:00,9:08:14,,,,Static/Ghost Call,
2014-01-01T00:00:00,9:11:11,BOS,PW/Bureau of Sanitation,Bulky Item Pick-up,Service Request Processed,90037
2014-01-01T00:00:00,9:14:27,DOT,Department of Transportation,Impounded/Towed Vehicle,Transfer (City),91401
2014-01-01T00:00:00,9:14:48,BOS,PW/Bureau of Sanitation,Holiday Trash Collection,Gave Caller Information,91403
2014-01-01T00:00:00,9:14:50,LAPD,Los Angeles Police Department,877 ASK-LAPD - Non-emergency Police Service,Transfer (City),90028
2014-01-01T00:00:00,9:17:02,ITA,Information Technology Agency,3-1-1 Radio Room,Warm Transfer (City),90046
2014-01-01T00:00:00,9:17:25,,,,Static/Ghost Call,
2014-01-01T00:00:00,9:17:33,,,,Caller Hung Up,
2014-01-01T00:00:00,9:17:49,DOT,Department of Transportation,Parking Enforcement,Transfer (City),90043
2014-01-01T00:00:00,9:18:07,BSL,PW/Bureau of Street Lighting,Report streetlight outages,Service Request Processed,90012
2014-01-01T00:00:00,9:19:26,,,,N/A,90035
2014-01-01T00:00:00,9:19:29,LAPD,Los Angeles Police Department,877 ASK-LAPD - Non-emergency Police Service,Transfer (City),90012
2014-01-01T00:00:00,9:22:51,BOS,PW/Bureau of Sanitation,Dead Animal Collection,Transfer (City),90066
2014-01-01T00:00:00,9:25:37,BOS,PW/Bureau of Sanitation,Bulky Item Pick-up,Service Request Processed,90018
2014-01-01T00:00:00,9:26:18,BSL,PW/Bureau of Street Lighting,Report streetlight outages,Service Request Processed,90015
2014-01-01T00:00:00,9:27:34,BOS,PW/Bureau of Sanitation,Bulky Item Pick-up,Service Request Processed,90032
2014-01-01T00:00:00,9:27:51,LAPD,Los Angeles Police Department,877 ASK-LAPD - Non-emergency Police Service,Transfer (City),90012
2014-01-01T00:00:00,9:29:14,LAPD,Los Angeles Police Department,877 ASK-LAPD - Non-emergency Police Service,Transfer (City),90220
2014-01-01T00:00:00,9:29:41,ITA,Information Technology Agency,3-1-1 Radio Room,Gave Caller Information,90012
2014-01-01T00:00:00,9:30:03,LAPD,Los Angeles Police Department,877 ASK-LAPD - Non-emergency Police Service,Transfer (City),90025
2014-01-01T00:00:00,9:30:47,BOS,PW/Bureau of Sanitation,Stormwater Services,Gave Caller Information,90066
2014-01-01T00:00:00,9:31:03,LAPD,Los Angeles Police Department,Official Police Garage Tow (OPG) - LAPD,Transfer (City),90012
2014-01-01T00:00:00,9:31:45,LADBS,Department of Building and Safety,Online Request for Permit Inspection,Service Request Processed,90002
2014-01-01T00:00:00,9:32:34,BSS,PW/Bureau of Street Services,Bureau of Street Services Complaints,Gave Caller Information,90016
2014-01-01T00:00:00,9:32:47,BSL,PW/Bureau of Street Lighting,Report streetlight outages,Service Request Processed,90016
2014-01-01T00:00:00,9:32:49,BOS,PW/Bureau of Sanitation,Bulky Item Pick-up,Service Request Processed,90064
2014-01-01T00:00:00,9:32:54,DOT,Department of Transportation,Impounded/Towed Vehicle,Transfer (City),99999
2014-01-01T00:00:00,9:32:57,BSS,PW/Bureau of Street Services,Bureau of Street Services Complaints,Gave Caller Information,90043
2014-01-01T00:00:00,9:33:28,BOS,PW/Bureau of Sanitation,Bulky Item Pick-up,Service Request Processed,90012
2014-01-01T00:00:00,9:33:38,LAPD,Los Angeles Police Department,877 ASK-LAPD - Non-emergency Police Service,Transfer (City),90019
2014-01-01T00:00:00,9:34:00,BPW,PW/Board of Public Works,Graffiti Removal - Community Beautification,Service Request Processed,90025
2014-01-01T00:00:00,9:34:36,BPW,PW/Board of Public Works,Graffiti Removal - Community Beautification,Service Request Processed,90003
2014-01-01T00:00:00,9:36:08,BPW,PW/Board of Public Works,Graffiti Removal - Community Beautification,Service Request Processed,90029
2014-01-01T00:00:00,9:36:36,DOT,Department of Transportation,Parking Enforcement,Transfer (City),91423
2014-01-01T00:00:00,9:37:25,LADBS,Department of Building and Safety,Report a Property Violation,Service Request Processed,90012
2014-01-01T00:00:00,9:38:10,,,,Caller Hung Up,
2014-01-01T00:00:00,9:38:19,DOT,Department of Transportation,Impounded/Towed Vehicle,Transfer (City),90044
2014-01-01T00:00:00,9:41:20,LAPD,Los Angeles Police Department,877 ASK-LAPD - Non-emergency Police Service,Transfer (City),90006
2014-01-01T00:00:00,9:44:12,BSS,PW/Bureau of Street Services,Street Pothole Information,Transfer (City),90018
2014-01-01T00:00:00,9:46:12,DOT,Department of Transportation,Parking Enforcement,Gave Caller Information,90043
2014-01-01T00:00:00,9:46:50,,,,Gave Caller Information,90015
2014-01-01T00:00:00,9:48:14,BOS,PW/Bureau of Sanitation,Bulky Item Pick-up,Service Request Processed,90012
2014-01-01T00:00:00,9:49:21,BOS,PW/Bureau of Sanitation,Bulky Item Pick-up,Service Request Processed,90018
2014-01-01T00:00:00,9:50:10,BOS,PW/Bureau of Sanitation,Bulky Item Pick-up,Service Request Processed,90031
2014-01-01T00:00:00,9:50:52,DOT,Department of Transportation,Impounded/Towed Vehicle,Transfer (City),90010
2014-01-01T00:00:00,9:51:10,BOS,PW/Bureau of Sanitation,Replacement/Repair of Curbside Trash Containers,Gave Caller Information,90011
2014-01-01T00:00:00,9:51:28,DOT,Department of Transportation,Blocked Driveways,Transfer (City),91604
2014-01-01T00:00:00,9:52:33,BOS,PW/Bureau of Sanitation,Bulky Item Pick-up,Service Request Processed,90028
2014-01-01T00:00:00,9:54:21,LAPD,Los Angeles Police Department,877 ASK-LAPD - Non-emergency Police Service,Transfer (City),90026
2014-01-01T00:00:00,9:55:34,LADBS,Department of Building and Safety,Pumpkin and Christmas Tree Lots Permits,Transfer (City),90012
2014-01-01T00:00:00,9:56:22,BOS,PW/Bureau of Sanitation,Bulky Item Pick-up,Service Request Processed,91607
2014-01-01T00:00:00,9:57:03,BOS,PW/Bureau of Sanitation,Bulky Item Pick-up,Service Request Processed,90047
2014-01-01T00:00:00,9:57:45,BPW,PW/Board of Public Works,Graffiti Removal - Community Beautification,Service Request Processed,90063
2014-01-01T00:00:00,9:58:53,ANI,Department of Animal Services,Animal Service Centers,Transfer (City),91311
2014-01-01T00:00:00,9:59:42,DOT,Department of Transportation,Impounded/Towed Vehicle,Transfer (City),99999
2014-01-01T00:00:00,10:00:19,BPW,PW/Board of Public Works,Graffiti Removal - Community Beautification,Service Request Processed,91342
2014-01-01T00:00:00,10:01:45,DOT,Department of Transportation,Parking Enforcement,Transfer (City),90027
2014-01-01T00:00:00,10:02:03,BOS,PW/Bureau of Sanitation,Bulky Item Pick-up,Service Request Processed,99999
2014-01-01T00:00:00,10:02:21,BPW,PW/Board of Public Works,Graffiti Removal - Community Beautification,Service Request Processed,90029
2014-01-01T00:00:00,10:04:07,BOS,PW/Bureau of Sanitation,Bulky Item Pick-up,Service Request Processed,90016
2014-01-01T00:00:00,10:05:22,DOT,Department of Transportation,Parking Enforcement,Transfer (City),90012
2014-01-01T00:00:00,10:05:29,DOT,Department of Transportation,Impounded/Towed Vehicle,Transfer (City),90013
2014-01-01T00:00:00,10:05:45,DWP,Department of Water and Power,DWP Discount Rates,Transfer (City),91367
2014-01-01T00:00:00,10:06:15,BOS,PW/Bureau of Sanitation,Trash Container Services,Gave Caller Information,90016
2014-01-01T00:00:00,10:07:35,BPW,PW/Board of Public Works,Graffiti Removal - Community Beautification,Service Request Processed,90033
2014-01-01T00:00:00,10:07:48,BSL,PW/Bureau of Street Lighting,Report streetlight outages,Gave Caller Information,90044
2014-01-01T00:00:00,10:07:59,ANI,Department of Animal Services,Dangerous Animal,Transfer (City),90003
2014-01-01T00:00:00,10:08:42,LAPD,Los Angeles Police Department,Police Stations (Front Desk / Public Counter - 25 locations),Transfer (City),90744
2014-01-01T00:00:00,10:09:15,BOS,PW/Bureau of Sanitation,Bulky Item Pick-up,Service Request Processed,99999
2014-01-01T00:00:00,10:09:20,BPW,PW/Board of Public Works,Graffiti Removal - Community Beautification,Service Request Processed,90292
2014-01-01T00:00:00,10:09:23,ANI,Department of Animal Services,Animal Service Centers,Transfer (City),91604
2014-01-01T00:00:00,10:11:44,BOS,PW/Bureau of Sanitation,Bulky Item Pick-up,Service Request Processed,90012
2014-01-01T00:00:00,10:12:52,DWP,Department of Water and Power,LADWP Central Operator,Transfer (City),90019
2014-01-01T00:00:00,10:12:56,LAPD,Los Angeles Police Department,Official Police Garage Tow (OPG) - LAPD,Gave Caller Information,90012
2014-01-01T00:00:00,10:14:03,BPW,PW/Board of Public Works,Graffiti Removal - Community Beautification,Service Request Processed,90012
2014-01-01T00:00:00,10:15:44,BPW,PW/Board of Public Works,Graffiti Removal - Community Beautification,Service Request Processed,90003
2014-01-01T00:00:00,10:15:52,LAPD,Los Angeles Police Department,Police Headquarters Facility - LAPD,Transfer (City),90002
2014-01-01T00:00:00,10:16:32,BOS,PW/Bureau of Sanitation,Dead Animal Collection,Transfer (City),91606
2014-01-01T00:00:00,10:17:24,BOS,PW/Bureau of Sanitation,Bulky Item Pick-up,Service Request Processed,90047
2014-01-01T00:00:00,10:20:04,DOT,Department of Transportation,Parking Enforcement,Transfer (City),90037
2014-01-01T00:00:00,10:21:24,LAPD,Los Angeles Police Department,Official Police Garage Tow (OPG) - LAPD,Transfer (City),90025
2014-01-01T00:00:00,10:21:52,ITA,Information Technology Agency,3-1-1 Radio Room,N/A,90247
2014-01-01T00:00:00,10:22:10,BOS,PW/Bureau of Sanitation,Bulky Item Pick-up,Service Request Processed,90016
2014-01-01T00:00:00,10:23:09,BOS,PW/Bureau of Sanitation,Bulky Item Pick-up,Service Request Processed,90044
2014-01-01T00:00:00,10:23:18,LAPD,Los Angeles Police Department,Police Stations (Front Desk / Public Counter - 25 locations),Transfer (City),99999
2014-01-01T00:00:00,10:24:44,BOS,PW/Bureau of Sanitation,Bulky Item Pick-up,Service Request Processed,90744
2014-01-01T00:00:00,10:25:41,BOS,PW/Bureau of Sanitation,Christmas Tree Recycling,Gave Caller Information,90034
2014-01-01T00:00:00,10:26:21,BPW,PW/Board of Public Works,Graffiti Removal - Community Beautification,Service Request Processed,90012
2014-01-01T00:00:00,10:27:01,BOS,PW/Bureau of Sanitation,Bulky Item Pick-up,Service Request Processed,90744
2014-01-01T00:00:00,10:27:07,,,,Gave Caller Information,91202
2014-01-01T00:00:00,10:27:31,BOS,PW/Bureau of Sanitation,Bulky Item Pick-up,Service Request Processed,90026
2014-01-01T00:00:00,10:28:43,LAPD,Los Angeles Police Department,877 ASK-LAPD - Non-emergency Police Service,Transfer (City),90710
2014-01-01T00:00:00,10:30:05,DOT,Department of Transportation,Blocked Driveways,Transfer (City),90012
2014-01-01T00:00:00,10:30:27,LAPD,Los Angeles Police Department,877 ASK-LAPD - Non-emergency Police Service,Transfer (City),90045
2014-01-01T00:00:00,10:30:27,DOT,Department of Transportation,Parking Enforcement,Transfer (City),90028
2014-01-01T00:00:00,10:30:34,LAPD,Los Angeles Police Department,877 ASK-LAPD - Non-emergency Police Service,Transfer (City),91342
2014-01-01T00:00:00,10:31:10,DWP,Department of Water and Power,DWP Discount Rates,Transfer (City),90019
2014-01-01T00:00:00,10:32:10,LAPD,Los Angeles Police Department,877 ASK-LAPD - Non-emergency Police Service,Transfer (City),90011
2014-01-01T00:00:00,10:32:37,RAP,Department of Recreation and Parks,Park Rangers,Gave Caller Information,90012
2014-01-01T00:00:00,10:32:44,LAPD,Los Angeles Police Department,Official Police Garage Tow (OPG) - LAPD,Transfer (City),91775
2014-01-01T00:00:00,10:33:18,,,,Caller Hung Up,
2014-01-01T00:00:00,10:35:01,BOS,PW/Bureau of Sanitation,Bulky Item Pick-up,Service Request Processed,90008
2014-01-01T00:00:00,10:35:06,BPW,PW/Board of Public Works,Graffiti Removal - Community Beautification,Service Request Processed,90031
2014-01-01T00:00:00,10:35:45,BOS,PW/Bureau of Sanitation,Bulky Item Pick-up,Service Request Processed,90012
2014-01-01T00:00:00,10:36:52,DOT,Department of Transportation,Parking Enforcement,Transfer (City),90071
2014-01-01T00:00:00,10:37:15,BPW,PW/Board of Public Works,Graffiti Removal - Community Beautification,Service Request Processed,90501
2014-01-01T00:00:00,10:39:13,BOS,PW/Bureau of Sanitation,Bulky Item Pick-up,Service Request Processed,90008
2014-01-01T00:00:00,10:39:24,BPW,PW/Board of Public Works,Graffiti Removal - Community Beautification,Service Request Processed,91042
2014-01-01T00:00:00,10:40:09,DOT,Department of Transportation,Parking Enforcement,Transfer (City),90006
2014-01-01T00:00:00,10:40:20,DOT,Department of Transportation,Impounded/Towed Vehicle,Transfer (City),99999
2014-01-01T00:00:00,10:41:54,LAPD,Los Angeles Police Department,877 ASK-LAPD - Non-emergency Police Service,Transfer (City),90732
2014-01-01T00:00:00,10:41:57,BPW,PW/Board of Public Works,Graffiti Removal - Community Beautification,Service Request Processed,90063
2014-01-01T00:00:00,10:42:01,BOS,PW/Bureau of Sanitation,Christmas Tree Recycling,Gave Caller Information,90034
2014-01-01T00:00:00,10:42:09,LAPD,Los Angeles Police Department,Police Stations (Front Desk / Public Counter - 25 locations),Transfer (City),90732
2014-01-01T00:00:00,10:43:35,BSS,PW/Bureau of Street Services,Street Use Permits,Gave Caller Information,90029
2014-01-01T00:00:00,10:43:56,BSS,PW/Bureau of Street Services,Bureau of Street Services Complaints,Gave Caller Information,90043
2014-01-01T00:00:00,10:44:16,BOS,PW/Bureau of Sanitation,Holiday Trash Collection,Gave Caller Information,90043
2014-01-01T00:00:00,10:44:17,DOT,Department of Transportation,Parking Enforcement,Transfer (City),90029
2014-01-01T00:00:00,10:44:32,BOS,PW/Bureau of Sanitation,Replacement/Repair of Curbside Trash Containers,Gave Caller Information,91423
2014-01-01T00:00:00,10:45:12,BPW,PW/Board of Public Works,Graffiti Removal - Community Beautification,Service Request Processed,90025
2014-01-01T00:00:00,10:47:31,BPW,PW/Board of Public Works,Graffiti Removal - Community Beautification,Service Request Processed,90039
2014-01-01T00:00:00,10:48:54,BOS,PW/Bureau of Sanitation,Bulky Item Pick-up,Service Request Processed,90012
2014-01-01T00:00:00,10:49:19,DOT,Department of Transportation,Parking Enforcement,Transfer (City),90025
2014-01-01T00:00:00,10:49:39,BPW,PW/Board of Public Works,Graffiti Removal - Community Beautification,Service Request Processed,90026
2014-01-01T00:00:00,10:49:41,LAPD,Los Angeles Police Department,Official Police Garage Tow (OPG) - LAPD,Transfer (City),90017
2014-01-01T00:00:00,10:50:28,BOS,PW/Bureau of Sanitation,Bulky Item Pick-up,Service Request Processed,90039
2014-01-01T00:00:00,10:50:28,BSS,PW/Bureau of Street Services,Bureau of Street Services Complaints,Transfer (City),90063
2014-01-01T00:00:00,10:51:09,LADBS,Department of Building and Safety,Online Request for Permit Inspection,Service Request Processed,91401
2014-01-01T00:00:00,10:51:43,BOS,PW/Bureau of Sanitation,Bulky Item Pick-up,Service Request Processed,90029
2014-01-01T00:00:00,10:53:38,BOS,PW/Bureau of Sanitation,Bulky Item Pick-up,Service Request Processed,91352
2014-01-01T00:00:00,10:53:51,BPW,PW/Board of Public Works,Graffiti Removal - Community Beautification,Service Request Processed,90039
2014-01-01T00:00:00,10:54:21,DOT,Department of Transportation,Impounded/Towed Vehicle,Transfer (City),90033
2014-01-01T00:00:00,10:55:07,,,,Referred To County,20813
2014-01-01T00:00:00,10:55:31,BOS,PW/Bureau of Sanitation,Bulky Item Pick-up,Service Request Processed,91367
2014-01-01T00:00:00,10:55:32,LAPD,Los Angeles Police Department,Official Police Garage Tow (OPG) - LAPD,Transfer (City),90013
2014-01-01T00:00:00,10:55:51,BPW,PW/Board of Public Works,Graffiti Removal - Community Beautification,Service Request Processed,90057
2014-01-01T00:00:00,10:56:29,,,,Referred To County,91367
2014-01-01T00:00:00,10:56:31,BOS,PW/Bureau of Sanitation,Holiday Trash Collection,Transfer (City),91606
2014-01-01T00:00:00,10:57:02,,,,Caller Hung Up,
2014-01-01T00:00:00,10:57:11,BSS,PW/Bureau of Street Services,Street Pothole Information,Transfer (City),90018
2014-01-01T00:00:00,10:57:52,BOS,PW/Bureau of Sanitation,Replacement/Repair of Curbside Trash Containers,Gave Caller Information,90026
2014-01-01T00:00:00,10:58:37,DOT,Department of Transportation,Impounded/Towed Vehicle,Transfer (City),90004
2014-01-01T00:00:00,10:59:05,,,,Static/Ghost Call,
2014-01-01T00:00:00,10:59:07,DOT,Department of Transportation,Impounded/Towed Vehicle,Transfer (City),90003
2014-01-01T00:00:00,11:01:45,BSS,PW/Bureau of Street Services,Street Use Permits,Gave Caller Information,90063
2014-01-01T00:00:00,11:01:45,BPW,PW/Board of Public Works,Graffiti Removal - Community Beautification,Service Request Processed,90018
2014-01-01T00:00:00,11:02:00,BOS,PW/Bureau of Sanitation,Bulky Item Pick-up,Service Request Processed,91034
2014-01-01T00:00:00,11:02:06,BOS,PW/Bureau of Sanitation,Bulky Item Pick-up,Service Request Processed,90291
2014-01-01T00:00:00,11:02:58,BOS,PW/Bureau of Sanitation,Holiday Trash Collection,Gave Caller Information,90012
2014-01-01T00:00:00,11:03:19,LAWA,Los Angeles World Airports,Curbside Passenger Pick-up/Drop-off - ONT,Gave Caller Information,99999
2014-01-01T00:00:00,11:04:30,BOS,PW/Bureau of Sanitation,Bulky Item Pick-up,Service Request Processed,90012
2014-01-01T00:00:00,11:04:30,BOS,PW/Bureau of Sanitation,Bulky Item Pick-up,Service Request Processed,90012
2014-01-01T00:00:00,11:05:26,DOT,Department of Transportation,Parking Enforcement,Gave Caller Information,90063
2014-01-01T00:00:00,11:05:41,BOS,PW/Bureau of Sanitation,Replacement/Repair of Curbside Trash Containers,Gave Caller Information,90016
2014-01-01T00:00:00,11:06:45,DOT,Department of Transportation,Impounded/Towed Vehicle,Transfer (City),90042
2014-01-01T00:00:00,11:07:00,BOS,PW/Bureau of Sanitation,Bulky Item Pick-up,Service Request Processed,91040
2014-01-01T00:00:00,11:07:02,,,,Static/Ghost Call,
2014-01-01T00:00:00,11:07:16,BOS,PW/Bureau of Sanitation,Bulky Item Pick-up,Service Request Processed,91325
2014-01-01T00:00:00,11:07:22,BPW,PW/Board of Public Works,Graffiti Removal - Community Beautification,Service Request Processed,90003
2014-01-01T00:00:00,11:08:30,,,,Caller Hung Up,90012
2014-01-01T00:00:00,11:08:50,LAPD,Los Angeles Police Department,Jail Division / City Jail Locations,Transfer (City),91604
2014-01-01T00:00:00,11:10:06,LAPD,Los Angeles Police Department,Police Stations (Front Desk / Public Counter - 25 locations),Transfer (City),90044
2014-01-01T00:00:00,11:10:17,BOS,PW/Bureau of Sanitation,Bulky Item Pick-up,Service Request Processed,90047
2014-01-01T00:00:00,11:13:21,ANI,Department of Animal Services,Animal Service Centers,Transfer (City),90003
2014-01-01T00:00:00,11:13:35,,,,Referred To County,86322
2014-01-01T00:00:00,11:14:01,BOS,PW/Bureau of Sanitation,Bulky Item Pick-up,Service Request Processed,90012
2014-01-01T00:00:00,11:14:33,LAPD,Los Angeles Police Department,Official Police Garage Tow (OPG) - LAPD,Transfer (City),90292
2014-01-01T00:00:00,11:14:37,BOS,PW/Bureau of Sanitation,Bulky Item Pick-up,Service Request Processed,90042
2014-01-01T00:00:00,11:14:51,LAPD,Los Angeles Police Department,877 ASK-LAPD - Non-emergency Police Service,Gave Caller Information,90020
2014-01-01T00:00:00,11:15:12,BOS,PW/Bureau of Sanitation,Bulky Item Pick-up,Gave Caller Information,90042
2014-01-01T00:00:00,11:15:24,BOS,PW/Bureau of Sanitation,Bulky Item Pick-up,Service Request Processed,91406
2014-01-01T00:00:00,11:15:55,BOS,PW/Bureau of Sanitation,Bulky Item Pick-up,Service Request Processed,91310
2014-01-01T00:00:00,11:16:35,BOS,PW/Bureau of Sanitation,Holiday Trash Collection,Gave Caller Information,91436
2014-01-01T00:00:00,11:18:22,BOS,PW/Bureau of Sanitation,Bulky Item Pick-up,Service Request Processed,90002
2014-01-01T00:00:00,11:19:51,LAPD,Los Angeles Police Department,877 ASK-LAPD - Non-emergency Police Service,Gave Caller Information,90048
2014-01-01T00:00:00,11:21:34,BOS,PW/Bureau of Sanitation,Bulky Item Pick-up,Service Request Processed,91306
2014-01-01T00:00:00,11:21:40,LAPD,Los Angeles Police Department,877 ASK-LAPD - Non-emergency Police Service,Gave Caller Information,99999
2014-01-01T00:00:00,11:23:37,LAPD,Los Angeles Police Department,Jail Division / City Jail Locations,Gave Caller Information,90012
2014-01-01T00:00:00,11:24:27,BOS,PW/Bureau of Sanitation,Bulky Item Pick-up,Service Request Processed,91316
2014-01-01T00:00:00,11:28:37,,,,Caller Hung Up,
2014-01-01T00:00:00,11:28:40,BSS,PW/Bureau of Street Services,Bureau of Street Services Complaints,Gave Caller Information,90043
2014-01-01T00:00:00,11:30:43,BOS,PW/Bureau of Sanitation,Bulky Item Pick-up,Service Request Processed,90023
2014-01-01T00:00:00,11:32:39,BOS,PW/Bureau of Sanitation,Food Service Establishment Waste Minimization Training,Transfer (City),90305
2014-01-01T00:00:00,11:33:24,BPW,PW/Board of Public Works,Graffiti Removal - Community Beautification,Service Request Processed,90031
2014-01-01T00:00:00,11:36:11,BPW,PW/Board of Public Works,Graffiti Removal - Community Beautification,Service Request Processed,90032
2014-01-01T00:00:00,11:36:24,DWP,Department of Water and Power,DWP Discount Rates,Transfer (City),90019
2014-01-01T00:00:00,11:37:17,DWP,Department of Water and Power,LADWP Central Operator,Transfer (City),90019
2014-01-01T00:00:00,11:38:30,HCIDLA,Los Angeles Housing + Community Investment Department,Rent Stabilization Ordinance information,Gave Caller Information,90033
2014-01-01T00:00:00,11:39:06,ANI,Department of Animal Services,Animal Service Centers,Transfer (City),91367
2014-01-01T00:00:00,11:39:07,BOS,PW/Bureau of Sanitation,Bulky Item Pick-up,Service Request Processed,90049
2014-01-01T00:00:00,11:40:21,BOS,PW/Bureau of Sanitation,Missed Collections/Missed Service,Transfer (City),90041
2014-01-01T00:00:00,11:42:50,DOT,Department of Transportation,Impounded/Towed Vehicle,Transfer (City),99999
2014-01-01T00:00:00,11:43:06,BPW,PW/Board of Public Works,Graffiti Removal - Community Beautification,Service Request Processed,91601
2014-01-01T00:00:00,11:43:21,DWP,Department of Water and Power,LADWP Central Operator,Transfer (City),90043
2014-01-01T00:00:00,11:43:22,BOS,PW/Bureau of Sanitation,Bulky Item Pick-up,Service Request Processed,90025
2014-01-01T00:00:00,11:44:30,BSS,PW/Bureau of Street Services,Bureau of Street Services Complaints,Gave Caller Information,90012
2014-01-01T00:00:00,11:45:31,,,,Caller Hung Up,
2014-01-01T00:00:00,11:45:35,BPW,PW/Board of Public Works,Graffiti Removal - Community Beautification,Service Request Processed,90036
2014-01-01T00:00:00,11:47:10,BPW,PW/Board of Public Works,Graffiti Removal - Community Beautification,Service Request Processed,91406
2014-01-01T00:00:00,11:50:15,,,,Gave Caller Information,91352
2014-01-01T00:00:00,11:50:40,DWP,Department of Water and Power,LADWP Central Operator,Transfer (City),90065
2014-01-01T00:00:00,11:50:58,BPW,PW/Board of Public Works,Graffiti Removal - Community Beautification,Service Request Processed,91406
2014-01-01T00:00:00,11:51:43,BOS,PW/Bureau of Sanitation,Bulky Item Pick-up,Service Request Processed,90650
2014-01-01T00:00:00,11:51:47,,,,Transfer (City),90805
2014-01-01T00:00:00,11:52:02,BOS,PW/Bureau of Sanitation,Bulky Item Pick-up,Service Request Processed,90069
2014-01-01T00:00:00,11:52:32,BOS,PW/Bureau of Sanitation,Bulky Item Pick-up,Service Request Processed,90041
2014-01-01T00:00:00,11:52:53,DWP,Department of Water and Power,DWP Discount Rates,Transfer (City),90065
2014-01-01T00:00:00,11:55:06,LAPD,Los Angeles Police Department,"Traffic Divisions, Front Desk (4 Bureaus)",Gave Caller Information,90034
2014-01-01T00:00:00,11:55:21,,,,Static/Ghost Call,99999
2014-01-01T00:00:00,11:55:39,LADBS,Department of Building and Safety,Building Construction Permits,Transfer (City),90011
2014-01-01T00:00:00,11:56:03,BPW,PW/Board of Public Works,Graffiti Removal - Community Beautification,Service Request Processed,91335
2014-01-01T00:00:00,11:56:21,DOT,Department of Transportation,Impounded/Towed Vehicle,Transfer (City),90012
2014-01-01T00:00:00,11:56:28,BOS,PW/Bureau of Sanitation,Bulky Item Pick-up,Service Request Processed,90012
2014-01-01T00:00:00,11:58:23,LAPD,Los Angeles Police Department,Official Police Garage Tow (OPG) - LAPD,Gave Caller Information,90291
2014-01-01T00:00:00,11:58:46,,,,Referred To County,90059
2014-01-01T00:00:00,11:59:30,,,,Caller Hung Up,
2014-01-01T00:00:00,12:02:23,BPW,PW/Board of Public Works,Graffiti Removal - Community Beautification,Service Request Processed,90039
2014-01-01T00:00:00,12:06:16,BOS,PW/Bureau of Sanitation,Bulky Item Pick-up,Service Request Processed,91352
2014-01-01T00:00:00,12:06:22,BPW,PW/Board of Public Works,Graffiti Removal - Community Beautification,Service Request Processed,91352
2014-01-01T00:00:00,12:06:55,,,,Referred To 411,91423
2014-01-01T00:00:00,12:08:02,BPW,PW/Board of Public Works,Graffiti Removal - Community Beautification,Service Request Processed,90037
2014-01-01T00:00:00,12:09:38,BPW,PW/Board of Public Works,Graffiti Removal - Community Beautification,Service Request Processed,91601
2014-01-01T00:00:00,12:10:56,BOS,PW/Bureau of Sanitation,Bulky Item Pick-up,Service Request Processed,90028
2014-01-01T00:00:00,12:11:18,BPW,PW/Board of Public Works,Graffiti Removal - Community Beautification,Service Request Processed,91601
2014-01-01T00:00:00,12:11:27,DOT,Department of Transportation,Impounded/Towed Vehicle,Transfer (City),90012
2014-01-01T00:00:00,12:11:31,LAPD,Los Angeles Police Department,Official Police Garage Tow (OPG) - LAPD,Gave Caller Information,91304
2014-01-01T00:00:00,12:11:40,BOS,PW/Bureau of Sanitation,Dead Animal Collection,Gave Caller Information,90023
2014-01-01T00:00:00,12:12:19,BOS,PW/Bureau of Sanitation,Bulky Item Pick-up,Service Request Processed,90012
2014-01-01T00:00:00,12:12:55,ANI,Department of Animal Services,Animal Service Centers,Transfer (City),90025
2014-01-01T00:00:00,12:13:47,BOS,PW/Bureau of Sanitation,Bulky Item Pick-up,Service Request Processed,90005
2014-01-01T00:00:00,12:13:51,BPW,PW/Board of Public Works,Graffiti Removal - Community Beautification,Service Request Processed,91601
2014-01-01T00:00:00,12:15:22,BPW,PW/Board of Public Works,Graffiti Removal - Community Beautification,Service Request Processed,90029
2014-01-01T00:00:00,12:15:26,BOS,PW/Bureau of Sanitation,Bulky Item Pick-up,Service Request Processed,90047
2014-01-01T00:00:00,12:16:48,BOS,PW/Bureau of Sanitation,Bulky Item Pick-up,Service Request Processed,91601
2014-01-01T00:00:00,12:17:09,BPW,PW/Board of Public Works,Graffiti Removal - Community Beautification,Service Request Processed,91601
2014-01-01T00:00:00,12:17:42,DOT,Department of Transportation,Impounded/Towed Vehicle,Transfer (City),99999
2014-01-01T00:00:00,12:17:51,DWP,Department of Water and Power,DWP Discount Rates,Transfer (City),91040
2014-01-01T00:00:00,12:18:33,BPW,PW/Board of Public Works,Graffiti Removal - Community Beautification,Service Request Processed,91601
2014-01-01T00:00:00,12:18:43,DWP,Department of Water and Power,LADWP Central Operator,Transfer (City),91040
2014-01-01T00:00:00,12:18:48,BOS,PW/Bureau of Sanitation,Bulky Item Pick-up,Service Request Processed,90059
2014-01-01T00:00:00,12:19:07,BOS,PW/Bureau of Sanitation,Bulky Item Pick-up,Service Request Processed,90247
2014-01-01T00:00:00,12:19:15,LAPD,Los Angeles Police Department,877 ASK-LAPD - Non-emergency Police Service,Transfer (City),90066
2014-01-01T00:00:00,12:19:36,BOS,PW/Bureau of Sanitation,Holiday Trash Collection,Transfer (City),90014
2014-01-01T00:00:00,12:20:02,BPW,PW/Board of Public Works,Graffiti Removal - Community Beautification,Service Request Processed,91601
2014-01-01T00:00:00,12:22:00,DOT,Department of Transportation,Parking Enforcement,Transfer (City),90012
2014-01-01T00:00:00,12:22:31,BPW,PW/Board of Public Works,Graffiti Removal - Community Beautification,Service Request Processed,91325
2014-01-01T00:00:00,12:23:31,BOS,PW/Bureau of Sanitation,Bulky Item Pick-up,Service Request Processed,90012
2014-01-01T00:00:00,12:23:57,BPW,PW/Board of Public Works,Graffiti Removal - Community Beautification,Service Request Processed,91352
2014-01-01T00:00:00,12:24:35,BOS,PW/Bureau of Sanitation,Bulky Item Pick-up,Gave Caller Information,90023
2014-01-01T00:00:00,12:25:34,BOS,PW/Bureau of Sanitation,Bulky Item Pick-up,Service Request Processed,90039
2014-01-01T00:00:00,12:26:35,BPW,PW/Board of Public Works,Graffiti Removal - Community Beautification,Service Request Processed,90042
2014-01-01T00:00:00,12:26:49,,,,Referred To County,90012
2014-01-01T00:00:00,12:27:53,LAPD,Los Angeles Police Department,Police Stations (Front Desk / Public Counter - 25 locations),Transfer (City),90028
2014-01-01T00:00:00,12:28:05,BOS,PW/Bureau of Sanitation,Bulky Item Pick-up,Service Request Processed,90012
2014-01-01T00:00:00,12:28:20,AGE,Department of Aging,Referral for Questions about Medicare,Gave Caller Information,90008
2014-01-01T00:00:00,12:28:45,LAPD,Los Angeles Police Department,877 ASK-LAPD - Non-emergency Police Service,Transfer (City),91345
2014-01-01T00:00:00,12:30:28,BPW,PW/Board of Public Works,Graffiti Removal - Community Beautification,Service Request Processed,91325
2014-01-01T00:00:00,12:31:33,BSS,PW/Bureau of Street Services,Bureau of Street Services Complaints,Gave Caller Information,90043
2014-01-01T00:00:00,12:32:17,BOS,PW/Bureau of Sanitation,Bulky Item Pick-up,Service Request Processed,90017
2014-01-01T00:00:00,12:34:39,DWP,Department of Water and Power,DWP Discount Rates,Gave Caller Information,91423
2014-01-01T00:00:00,12:35:37,BOS,PW/Bureau of Sanitation,Bulky Item Pick-up,Service Request Processed,90004
2014-01-01T00:00:00,12:37:05,DOT,Department of Transportation,Parking Citation - Contest,Transfer (City),90066
2014-01-01T00:00:00,12:38:51,DOT,Department of Transportation,Parking Enforcement,Transfer (City),91304
2014-01-01T00:00:00,12:38:53,BOS,PW/Bureau of Sanitation,Bulky Item Pick-up,Service Request Processed,90012
2014-01-01T00:00:00,12:39:11,BOS,PW/Bureau of Sanitation,Bulky Item Pick-up,Service Request Processed,90043
2014-01-01T00:00:00,12:39:14,DOT,Department of Transportation,Parking Enforcement,Transfer (City),90032
2014-01-01T00:00:00,12:39:24,BOS,PW/Bureau of Sanitation,Bulky Item Pick-up,Service Request Processed,91602
2014-01-01T00:00:00,12:39:55,BOS,PW/Bureau of Sanitation,Bulky Item Pick-up,Service Request Processed,90020
2014-01-01T00:00:00,12:42:22,LAPD,Los Angeles Police Department,Police Headquarters Facility - LAPD,Transfer (City),90044
2014-01-01T00:00:00,12:45:58,BOS,PW/Bureau of Sanitation,Bulky Item Pick-up,Gave Caller Information,91331
2014-01-01T00:00:00,12:46:26,ANI,Department of Animal Services,Animal Service Centers,Transfer (City),91352
2014-01-01T00:00:00,12:47:09,BOS,PW/Bureau of Sanitation,Bulky Item Pick-up,Service Request Processed,90012
2014-01-01T00:00:00,12:47:23,BOS,PW/Bureau of Sanitation,Bulky Item Pick-up,Service Request Processed,90043
2014-01-01T00:00:00,12:47:50,BOS,PW/Bureau of Sanitation,Bulky Item Pick-up,Service Request Processed,90012
2014-01-01T00:00:00,12:47:54,BPW,PW/Board of Public Works,Graffiti Removal - Community Beautification,Service Request Processed,90049
2014-01-01T00:00:00,12:48:35,DWP,Department of Water and Power,Emergency Service/Trouble Requests,Transfer (City),91423
2014-01-01T00:00:00,12:48:39,DWP,Department of Water and Power,LADWP Central Operator,Transfer (City),91423
2014-01-01T00:00:00,12:51:39,,,,Gave Caller Information,90006
2014-01-01T00:00:00,12:52:04,DWP,Department of Water and Power,LADWP Central Operator,Transfer (City),91423
2014-01-01T00:00:00,12:52:14,,,,Info Not Available (Non-City),90037
2014-01-01T00:00:00,12:52:17,BOS,PW/Bureau of Sanitation,Bulky Item Pick-up,Service Request Processed,91601
2014-01-01T00:00:00,12:53:18,DWP,Department of Water and Power,LADWP Central Operator,Transfer (City),91423
2014-01-01T00:00:00,12:53:40,BPW,PW/Board of Public Works,Graffiti Removal - Community Beautification,Service Request Processed,90068
2014-01-01T00:00:00,12:53:56,DWP,Department of Water and Power,DWP Discount Rates,Transfer (City),91423
2014-01-01T00:00:00,12:54:16,BOS,PW/Bureau of Sanitation,Bulky Item Pick-up,Service Request Processed,90012
2014-01-01T00:00:00,12:54:37,BOS,PW/Bureau of Sanitation,Bulky Item Pick-up,Gave Caller Information,90017
2014-01-01T00:00:00,12:54:48,BPW,PW/Board of Public Works,Graffiti Removal - Community Beautification,Service Request Processed,91325
2014-01-01T00:00:00,12:55:58,BPW,PW/Board of Public Works,Graffiti Removal - Community Beautification,Service Request Processed,91325
2014-01-01T00:00:00,12:56:20,DOT,Department of Transportation,Parking Enforcement,Transfer (City),90068
2014-01-01T00:00:00,12:57:06,DWP,Department of Water and Power,Emergency Service/Trouble Requests,Transfer (City),90041
2014-01-01T00:00:00,12:57:09,BOS,PW/Bureau of Sanitation,Bulky Item Pick-up,Service Request Processed,90012
2014-01-01T00:00:00,12:57:11,BPW,PW/Board of Public Works,Graffiti Removal - Community Beautification,Service Request Processed,91352
2014-01-01T00:00:00,12:57:35,BPW,PW/Board of Public Works,PW/Personnel/Empl Relations/ Street Services & Street Lighting.,Transfer (City),90024
2014-01-01T00:00:00,12:57:44,DWP,Department of Water and Power,Emergency Service/Trouble Requests,Transfer (City),91423
2014-01-01T00:00:00,12:58:24,DOT,Department of Transportation,Parking Enforcement,Transfer (City),91604
2014-01-01T00:00:00,12:58:32,BOS,PW/Bureau of Sanitation,Bulky Item Pick-up,Service Request Processed,90025
2014-01-01T00:00:00,12:58:44,BPW,PW/Board of Public Works,Graffiti Removal - Community Beautification,Service Request Processed,91352
2014-01-01T00:00:00,12:59:11,LADBS,Department of Building and Safety,Online Request for Permit Inspection,Service Request Processed,91602
2014-01-01T00:00:00,12:59:24,LADBS,Department of Building and Safety,Inspection of Plumbing,Gave Caller Information,90275
2014-01-01T00:00:00,12:59:28,BPW,PW/Board of Public Works,Graffiti Removal - Community Beautification,Service Request Processed,90744
2014-01-01T00:00:00,12:59:34,BOS,PW/Bureau of Sanitation,Bulky Item Pick-up,Service Request Processed,90047
2014-01-01T00:00:00,13:00:24,BPW,PW/Board of Public Works,Graffiti Removal - Community Beautification,Service Request Processed,91325
2014-01-01T00:00:00,13:02:14,BOS,PW/Bureau of Sanitation,Bulky Item Pick-up,Service Request Processed,90003
2014-01-01T00:00:00,13:02:34,BPW,PW/Board of Public Works,Graffiti Removal - Community Beautification,Service Request Processed,91352
2014-01-01T00:00:00,13:02:56,LAPD,Los Angeles Police Department,Police Stations (Front Desk / Public Counter - 25 locations),Transfer (City),90059
2014-01-01T00:00:00,13:02:59,DWP,Department of Water and Power,DWP Discount Rates,Transfer (City),91423
2014-01-01T00:00:00,13:03:06,,,,Caller Hung Up,
2014-01-01T00:00:00,13:03:13,,,,Caller Hung Up,99999
2014-01-01T00:00:00,13:03:33,ANI,Department of Animal Services,Animal Service Centers,Gave Caller Information,90003
2014-01-01T00:00:00,13:05:12,DOT,Department of Transportation,Impounded/Towed Vehicle,Transfer (City),90046
2014-01-01T00:00:00,13:05:13,DOT,Department of Transportation,Parking Enforcement,Transfer (City),90036
2014-01-01T00:00:00,13:05:29,BOS,PW/Bureau of Sanitation,Bulky Item Pick-up,Service Request Processed,91316
2014-01-01T00:00:00,13:05:47,BOS,PW/Bureau of Sanitation,Bulky Item Pick-up,Gave Caller Information,90066
2014-01-01T00:00:00,13:06:23,LAFD,Los Angeles Fire Department,Fire Dept. Fire Station Locations,Gave Caller Information,90028
2014-01-01T00:00:00,13:06:23,BPW,PW/Board of Public Works,Graffiti Removal - Community Beautification,Service Request Processed,90006
2014-01-01T00:00:00,13:06:31,BPW,PW/Board of Public Works,Graffiti Removal - Community Beautification,Service Request Processed,90305
2014-01-01T00:00:00,13:06:43,LAPD,Los Angeles Police Department,877 ASK-LAPD - Non-emergency Police Service,Transfer (City),90044
2014-01-01T00:00:00,13:07:30,BOS,PW/Bureau of Sanitation,Bulky Item Pick-up,Service Request Processed,90044
2014-01-01T00:00:00,13:07:44,DOT,Department of Transportation,Parking Enforcement,Transfer (City),90068
2014-01-01T00:00:00,13:09:53,DWP,Department of Water and Power,DWP Discount Rates,Transfer (City),99999
2014-01-01T00:00:00,13:10:25,DWP,Department of Water and Power,Emergency Service/Trouble Requests,Transfer (City),91423
2014-01-01T00:00:00,13:10:28,DWP,Department of Water and Power,LADWP Central Operator,Transfer (City),91423
2014-01-01T00:00:00,13:10:43,DWP,Department of Water and Power,LADWP Central Operator,Transfer (City),90041
2014-01-01T00:00:00,13:11:42,,,,Caller Hung Up,
2014-01-01T00:00:00,13:11:50,BPW,PW/Board of Public Works,Graffiti Removal - Community Beautification,Service Request Processed,90066
2014-01-01T00:00:00,13:12:31,BOS,PW/Bureau of Sanitation,Bulky Item Pick-up,Service Request Processed,90035
2014-01-01T00:00:00,13:13:04,BOS,PW/Bureau of Sanitation,Holiday Trash Collection,Transfer (City),99999
2014-01-01T00:00:00,13:13:57,BOS,PW/Bureau of Sanitation,Bulky Item Pick-up,Service Request Processed,90066
2014-01-01T00:00:00,13:14:16,DOT,Department of Transportation,Parking Enforcement,Transfer (City),90012
2014-01-01T00:00:00,13:16:09,DWP,Department of Water and Power,LADWP Central Operator,Transfer (City),91423
2014-01-01T00:00:00,13:17:40,BOS,PW/Bureau of Sanitation,Bulky Item Pick-up,Service Request Processed,91367
2014-01-01T00:00:00,13:19:09,LAPD,Los Angeles Police Department,877 ASK-LAPD - Non-emergency Police Service,Transfer (City),90034
2014-01-01T00:00:00,13:21:13,,,,Caller Hung Up,
2014-01-01T00:00:00,13:23:36,BOS,PW/Bureau of Sanitation,Bulky Item Pick-up,Service Request Processed,90006
2014-01-01T00:00:00,13:23:50,DWP,Department of Water and Power,Emergency Service/Trouble Requests,Transfer (City),91423
2014-01-01T00:00:00,13:24:54,BOS,PW/Bureau of Sanitation,Bulky Item Pick-up,Service Request Processed,91405
2014-01-01T00:00:00,13:25:05,LADBS,Department of Building and Safety,Report a Property Violation,Service Request Processed,91423
2014-01-01T00:00:00,13:25:46,BOS,PW/Bureau of Sanitation,Request Sewer Maintenance/Repair,Transfer (City),90039
2014-01-01T00:00:00,13:26:07,LADBS,Department of Building and Safety,Building Trade Licensing,Gave Caller Information,91764
2014-01-01T00:00:00,13:26:42,BOS,PW/Bureau of Sanitation,Bulky Item Pick-up,Service Request Processed,91343
2014-01-01T00:00:00,13:26:50,LADBS,Department of Building and Safety,Inspection of Seismic Gas Shut-Off Valve,Gave Caller Information,90272
2014-01-01T00:00:00,13:26:58,DOT,Department of Transportation,Abandoned Vehicles,Gave Caller Information,90006
2014-01-01T00:00:00,13:28:50,DOT,Department of Transportation,Impounded/Towed Vehicle,Transfer (City),90065
2014-01-01T00:00:00,13:28:52,BPW,PW/Board of Public Works,Graffiti Removal - Community Beautification,Service Request Processed,91306
2014-01-01T00:00:00,13:30:05,,,,Transfer (City),91307
2014-01-01T00:00:00,13:32:27,BOS,PW/Bureau of Sanitation,Bulky Item Pick-up,Referred To County,90731
2014-01-01T00:00:00,13:33:34,LAPD,Los Angeles Police Department,Police Stations (Front Desk / Public Counter - 25 locations),Gave Caller Information,90059
2014-01-01T00:00:00,13:34:45,LAPD,Los Angeles Police Department,Communications Division - LAPD,Transfer (City),90064
2014-01-01T00:00:00,13:37:22,DWP,Department of Water and Power,DWP Discount Rates,Transfer (City),91423
2014-01-01T00:00:00,13:37:45,DOT,Department of Transportation,Parking Enforcement,Transfer (City),90025
2014-01-01T00:00:00,13:39:31,BSS,PW/Bureau of Street Services,Maintenance of Public Street Landscape,Gave Caller Information,90036
2014-01-01T00:00:00,13:40:14,DWP,Department of Water and Power,DWP Discount Rates,Transfer (City),91423
2014-01-01T00:00:00,13:40:41,BOS,PW/Bureau of Sanitation,Bulky Item Pick-up,Gave Caller Information,91325
2014-01-01T00:00:00,13:43:16,LAPD,Los Angeles Police Department,877 ASK-LAPD - Non-emergency Police Service,Gave Caller Information,90291
2014-01-01T00:00:00,13:44:28,DOT,Department of Transportation,Parking Enforcement,Gave Caller Information,90036
2014-01-01T00:00:00,13:44:42,BOS,PW/Bureau of Sanitation,Bulky Item Pick-up,Service Request Processed,90003
2014-01-01T00:00:00,13:45:17,BOS,PW/Bureau of Sanitation,Bulky Item Pick-up,Service Request Processed,90012
2014-01-01T00:00:00,13:45:18,BOS,PW/Bureau of Sanitation,Replacement/Repair of Curbside Trash Containers,Gave Caller Information,91311
2014-01-01T00:00:00,13:46:30,LAPD,Los Angeles Police Department,877 ASK-LAPD - Non-emergency Police Service,Transfer (City),91343
2014-01-01T00:00:00,13:46:57,BOS,PW/Bureau of Sanitation,Landfill Information,Gave Caller Information,90731
2014-01-01T00:00:00,13:48:19,BOS,PW/Bureau of Sanitation,Bulky Item Pick-up,Service Request Processed,91601
2014-01-01T00:00:00,13:48:36,LAPD,Los Angeles Police Department,877 ASK-LAPD - Non-emergency Police Service,Transfer (City),90012
2014-01-01T00:00:00,13:48:38,BPW,PW/Board of Public Works,Graffiti Removal - Community Beautification,Service Request Processed,91306
2014-01-01T00:00:00,13:48:52,,,,Gave Caller Information,90201
2014-01-01T00:00:00,13:49:45,BOS,PW/Bureau of Sanitation,Bulky Item Pick-up,Service Request Processed,90062
2014-01-01T00:00:00,13:49:47,,,,Gave Caller Information,90275
2014-01-01T00:00:00,13:50:56,BOS,PW/Bureau of Sanitation,Bulky Item Pick-up,Service Request Processed,91304
2014-01-01T00:00:00,13:51:25,,,,Caller Hung Up,
2014-01-01T00:00:00,13:51:37,DWP,Department of Water and Power,Emergency Service/Trouble Requests,Transfer (City),90046
2014-01-01T00:00:00,13:53:22,BOS,PW/Bureau of Sanitation,Sewer Odor Control,Transfer (City),99999
2014-01-01T00:00:00,13:53:30,BPW,PW/Board of Public Works,Graffiti Removal - Community Beautification,Service Request Processed,91306
2014-01-01T00:00:00,13:54:08,LAPD,Los Angeles Police Department,877 ASK-LAPD - Non-emergency Police Service,Transfer (City),91303
2014-01-01T00:00:00,13:54:21,,,,Caller Hung Up,90025
2014-01-01T00:00:00,13:55:44,,,,Static/Ghost Call,
2014-01-01T00:00:00,13:56:09,,,,Caller Hung Up,
2014-01-01T00:00:00,13:56:42,BOS,PW/Bureau of Sanitation,Bulky Item Pick-up,Service Request Processed,90012
2014-01-01T00:00:00,13:57:50,BOS,PW/Bureau of Sanitation,Bulky Item Pick-up,Service Request Processed,91335
2014-01-01T00:00:00,13:58:26,ITA,Information Technology Agency,MyLA311: Mobile Phone Application,Gave Caller Information,91367
2014-01-01T00:00:00,13:59:27,LAPD,Los Angeles Police Department,877 ASK-LAPD - Non-emergency Police Service,Transfer (City),99999
2014-01-01T00:00:00,14:00:29,,,,Caller Hung Up,
2014-01-01T00:00:00,14:01:22,DOT,Department of Transportation,Impounded/Towed Vehicle,Transfer (City),99999
2014-01-01T00:00:00,14:03:26,BOS,PW/Bureau of Sanitation,Bulky Item Pick-up,Service Request Processed,90012
2014-01-01T00:00:00,14:03:27,BOS,PW/Bureau of Sanitation,Bulky Item Pick-up,Service Request Processed,90020
2014-01-01T00:00:00,14:05:16,DOT,Department of Transportation,Parking Enforcement,Transfer (City),91107
2014-01-01T00:00:00,14:06:59,BOS,PW/Bureau of Sanitation,Holiday Trash Collection,Gave Caller Information,90043
2014-01-01T00:00:00,14:08:57,DOT,Department of Transportation,Impounded/Towed Vehicle,Transfer (City),90012
2014-01-01T00:00:00,14:12:07,BPW,PW/Board of Public Works,Graffiti Removal - Community Beautification,Service Request Processed,91306
2014-01-01T00:00:00,14:15:25,BPW,PW/Board of Public Works,Graffiti Removal - Community Beautification,Service Request Processed,91331
2014-01-01T00:00:00,14:17:00,DWP,Department of Water and Power,Emergency Service/Trouble Requests,Transfer (City),91423
2014-01-01T00:00:00,14:17:07,BOS,PW/Bureau of Sanitation,Bulky Item Pick-up,Service Request Processed,90012
2014-01-01T00:00:00,14:18:02,BOS,PW/Bureau of Sanitation,Holiday Trash Collection,Gave Caller Information,90043
2014-01-01T00:00:00,14:18:18,DOT,Department of Transportation,LADOT Comments and Complaints,Got Voicemail (City),99999
2014-01-01T00:00:00,14:18:35,LAPD,Los Angeles Police Department,Police Stations (Front Desk / Public Counter - 25 locations),Transfer (City),90018
2014-01-01T00:00:00,14:19:06,LADBS,Department of Building and Safety,Online Request for Permit Inspection,Service Request Processed,90002
2014-01-01T00:00:00,14:19:09,LAPD,Los Angeles Police Department,877 ASK-LAPD - Non-emergency Police Service,Transfer (City),91311
2014-01-01T00:00:00,14:19:29,DOT,Department of Transportation,Impounded/Towed Vehicle,Transfer (City),99999
2014-01-01T00:00:00,14:21:21,LADBS,Department of Building and Safety,Report a Property Violation,Service Request Processed,90023
2014-01-01T00:00:00,14:22:32,,,,Gave Caller Information,99999
2014-01-01T00:00:00,14:24:51,LAPD,Los Angeles Police Department,877 ASK-LAPD - Non-emergency Police Service,Gave Caller Information,90732
2014-01-01T00:00:00,14:24:51,BOS,PW/Bureau of Sanitation,Bulky Item Pick-up,Service Request Processed,90028
2014-01-01T00:00:00,14:25:41,BOS,PW/Bureau of Sanitation,Bulky Item Pick-up,Service Request Processed,91331
2014-01-01T00:00:00,14:27:17,ANI,Department of Animal Services,Animal Service Centers,Transfer (City),90037
2014-01-01T00:00:00,14:27:44,BOS,PW/Bureau of Sanitation,Bulky Item Pick-up,Service Request Processed,90034
2014-01-01T00:00:00,14:29:09,LADBS,Department of Building and Safety,Online Request for Permit Inspection,Service Request Processed,90005
2014-01-01T00:00:00,14:29:27,BOS,PW/Bureau of Sanitation,Bulky Item Pick-up,Service Request Processed,90011
2014-01-01T00:00:00,14:29:28,DOT,Department of Transportation,Impounded/Towed Vehicle,Transfer (City),90016
2014-01-01T00:00:00,14:30:20,DWP,Department of Water and Power,LADWP Central Operator,Transfer (City),91423
2014-01-01T00:00:00,14:30:37,BOS,PW/Bureau of Sanitation,Holiday Trash Collection,Gave Caller Information,90043
2014-01-01T00:00:00,14:31:40,BOS,PW/Bureau of Sanitation,Bulky Item Pick-up,Service Request Processed,90012
2014-01-01T00:00:00,14:32:05,,,,Referred To County,90046
2014-01-01T00:00:00,14:33:59,BOS,PW/Bureau of Sanitation,Bulky Item Pick-up,Service Request Processed,91647
2014-01-01T00:00:00,14:34:07,BOS,PW/Bureau of Sanitation,Bulky Item Pick-up,Service Request Processed,90047
2014-01-01T00:00:00,14:34:32,BPW,PW/Board of Public Works,Graffiti Removal - Community Beautification,Service Request Processed,91352
2014-01-01T00:00:00,14:36:25,BPW,PW/Board of Public Works,Graffiti Removal - Community Beautification,Service Request Processed,90026
2014-01-01T00:00:00,14:36:29,BOS,PW/Bureau of Sanitation,Bulky Item Pick-up,Service Request Processed,91364
2014-01-01T00:00:00,14:37:22,DOT,Department of Transportation,Impounded/Towed Vehicle,Transfer (City),99999
2014-01-01T00:00:00,14:37:41,BOS,PW/Bureau of Sanitation,Bulky Item Pick-up,Service Request Processed,91304
2014-01-01T00:00:00,14:39:27,BPW,PW/Board of Public Works,Graffiti Removal - Community Beautification,Service Request Processed,90057
2014-01-01T00:00:00,14:39:28,BOS,PW/Bureau of Sanitation,Bulky Item Pick-up,Service Request Processed,91331
2014-01-01T00:00:00,14:42:06,BPW,PW/Board of Public Works,Graffiti Removal - Community Beautification,Service Request Processed,90016
2014-01-01T00:00:00,14:42:38,BOS,PW/Bureau of Sanitation,Bulky Item Pick-up,Service Request Processed,90012
2014-01-01T00:00:00,14:44:12,BOS,PW/Bureau of Sanitation,Bulky Item Pick-up,Service Request Processed,90032
2014-01-01T00:00:00,14:44:30,LAPD,Los Angeles Police Department,Police Stations (Front Desk / Public Counter - 25 locations),Transfer (City),90037
2014-01-01T00:00:00,14:45:09,BPW,PW/Board of Public Works,Graffiti Removal - Community Beautification,Service Request Processed,90057
2014-01-01T00:00:00,14:47:19,BPW,PW/Board of Public Works,Graffiti Removal - Community Beautification,Service Request Processed,90057
2014-01-01T00:00:00,14:48:56,DOT,Department of Transportation,Blocked Driveways,Transfer (City),90056
2014-01-01T00:00:00,14:52:30,BOS,PW/Bureau of Sanitation,Bulky Item Pick-up,Gave Caller Information,91304
2014-01-01T00:00:00,14:54:43,LAPD,Los Angeles Police Department,877 ASK-LAPD - Non-emergency Police Service,Transfer (City),90047
2014-01-01T00:00:00,14:56:38,LAPD,Los Angeles Police Department,877 ASK-LAPD - Non-emergency Police Service,Transfer (City),90037
2014-01-01T00:00:00,14:57:02,DWP,Department of Water and Power,DWP Discount Rates,Transfer (City),91423
2014-01-01T00:00:00,14:58:37,BOS,PW/Bureau of Sanitation,Bulky Item Pick-up,Service Request Processed,90012
2014-01-01T00:00:00,14:58:55,BOS,PW/Bureau of Sanitation,Bulky Item Pick-up,Service Request Processed,90004
2014-01-01T00:00:00,14:59:09,LAFD,Los Angeles Fire Department,Fire Dept. Fire Station Locations,Transfer (City),91307
2014-01-01T00:00:00,14:59:49,BOS,PW/Bureau of Sanitation,Bulky Item Pick-up,Service Request Processed,90044
2014-01-01T00:00:00,14:59:54,BOS,PW/Bureau of Sanitation,Bulky Item Pick-up,Service Request Processed,90005
2014-01-01T00:00:00,15:01:38,DOT,Department of Transportation,Impounded/Towed Vehicle,Transfer (City),91401
2014-01-01T00:00:00,15:02:04,,,,Info Not Available (Non-City),99999
2014-01-01T00:00:00,15:02:05,BOS,PW/Bureau of Sanitation,Bulky Item Pick-up,Service Request Processed,90043
2014-01-01T00:00:00,15:02:26,BOS,PW/Bureau of Sanitation,Bulky Item Pick-up,Service Request Processed,90731
2014-01-01T00:00:00,15:04:13,BPW,PW/Board of Public Works,Graffiti Removal - Community Beautification,Service Request Processed,90032
2014-01-01T00:00:00,15:05:16,BOS,PW/Bureau of Sanitation,Bulky Item Pick-up,Service Request Processed,91311
2014-01-01T00:00:00,15:06:23,BOS,PW/Bureau of Sanitation,Dead Animal Collection,Transfer (City),90065
2014-01-01T00:00:00,15:06:38,BOS,PW/Bureau of Sanitation,Bulky Item Pick-up,Service Request Processed,90003
2014-01-01T00:00:00,15:07:08,LAPD,Los Angeles Police Department,Police Stations (Front Desk / Public Counter - 25 locations),Transfer (City),91352
2014-01-01T00:00:00,15:08:45,BOS,PW/Bureau of Sanitation,Bulky Item Pick-up,Service Request Processed,90068
2014-01-01T00:00:00,15:09:13,BOS,PW/Bureau of Sanitation,Bulky Item Pick-up,Gave Caller Information,90034
2014-01-01T00:00:00,15:10:31,BOS,PW/Bureau of Sanitation,Request Storm Drain Maintenance/Repair,Gave Caller Information,91311
2014-01-01T00:00:00,15:12:01,LAFD,Los Angeles Fire Department,Fire Dept. Bureau of Emergency Services,Transfer (City),90026
2014-01-01T00:00:00,15:13:56,,,,Static/Ghost Call,
2014-01-01T00:00:00,15:14:35,BPW,PW/Board of Public Works,Graffiti Removal - Community Beautification,Service Request Processed,91306
2014-01-01T00:00:00,15:14:40,DOT,Department of Transportation,Impounded/Towed Vehicle,Transfer (City),90042
2014-01-01T00:00:00,15:14:44,BOS,PW/Bureau of Sanitation,Bulky Item Pick-up,Service Request Processed,91601
2014-01-01T00:00:00,15:16:24,LAFD,Los Angeles Fire Department,Fire Department - Red Flag Day Parking Restriction,Gave Caller Information,99999
2014-01-01T00:00:00,15:16:27,LAPD,Los Angeles Police Department,877 ASK-LAPD - Non-emergency Police Service,Transfer (City),90046
2014-01-01T00:00:00,15:16:35,DOT,Department of Transportation,Parking Enforcement,Transfer (City),90043
2014-01-01T00:00:00,15:16:58,BPW,PW/Board of Public Works,Graffiti Removal - Community Beautification,Service Request Processed,90032
2014-01-01T00:00:00,15:18:08,BOS,PW/Bureau of Sanitation,Bulky Item Pick-up,Service Request Processed,90042
2014-01-01T00:00:00,15:18:34,DWP,Department of Water and Power,Emergency Service/Trouble Requests,Transfer (City),91401
2014-01-01T00:00:00,15:18:34,LAPD,Los Angeles Police Department,877 ASK-LAPD - Non-emergency Police Service,Transfer (City),90028
2014-01-01T00:00:00,15:19:12,DOT,Department of Transportation,Impounded/Towed Vehicle,Transfer (City),90043
2014-01-01T00:00:00,15:21:20,BOS,PW/Bureau of Sanitation,Bulky Item Pick-up,Service Request Processed,91311
2014-01-01T00:00:00,15:21:43,,,,Caller Hung Up,99999
2014-01-01T00:00:00,15:23:29,BOS,PW/Bureau of Sanitation,Bulky Item Pick-up,Service Request Processed,90024
2014-01-01T00:00:00,15:23:39,BOS,PW/Bureau of Sanitation,Bulky Item Pick-up,Service Request Processed,90026
2014-01-01T00:00:00,15:23:50,BOS,PW/Bureau of Sanitation,Bulky Item Pick-up,Service Request Processed,90066
2014-01-01T00:00:00,15:23:58,BOS,PW/Bureau of Sanitation,Bulky Item Pick-up,Service Request Processed,90068
2014-01-01T00:00:00,15:24:06,BOS,PW/Bureau of Sanitation,Bulky Item Pick-up,Service Request Processed,90068
2014-01-01T00:00:00,15:24:16,BOS,PW/Bureau of Sanitation,Bulky Item Pick-up,Service Request Processed,91408
2014-01-01T00:00:00,15:24:22,BOS,PW/Bureau of Sanitation,Bulky Item Pick-up,Service Request Processed,91412
2014-01-01T00:00:00,15:24:30,BOS,PW/Bureau of Sanitation,Bulky Item Pick-up,Service Request Processed,90009
2014-01-01T00:00:00,15:24:33,RAP,Department of Recreation and Parks,Recreation and Parks Complaints,Gave Caller Information,90043
2014-01-01T00:00:00,15:24:37,DOT,Department of Transportation,Parking Enforcement,Transfer (City),90010
2014-01-01T00:00:00,15:24:45,BOS,PW/Bureau of Sanitation,Bulky Item Pick-up,Service Request Processed,91406
2014-01-01T00:00:00,15:24:55,BOS,PW/Bureau of Sanitation,Bulky Item Pick-up,Service Request Processed,90068
2014-01-01T00:00:00,15:25:06,DOT,Department of Transportation,Abandoned Vehicles,Transfer (City),90016
2014-01-01T00:00:00,15:25:06,DOT,Department of Transportation,Abandoned Vehicles,Transfer (City),90016
2014-01-01T00:00:00,15:25:06,DOT,Department of Transportation,Abandoned Vehicles,Transfer (City),90016
2014-01-01T00:00:00,15:25:06,DOT,Department of Transportation,Abandoned Vehicles,Transfer (City),90016
2014-01-01T00:00:00,15:25:06,DOT,Department of Transportation,Abandoned Vehicles,Transfer (City),90016
2014-01-01T00:00:00,15:25:06,DOT,Department of Transportation,Abandoned Vehicles,Transfer (City),90016
2014-01-01T00:00:00,15:25:06,DOT,Department of Transportation,Abandoned Vehicles,Transfer (City),90016
2014-01-01T00:00:00,15:25:06,DOT,Department of Transportation,Abandoned Vehicles,Transfer (City),90016
2014-01-01T00:00:00,15:25:06,DOT,Department of Transportation,Abandoned Vehicles,Transfer (City),90016
2014-01-01T00:00:00,15:25:06,DOT,Department of Transportation,Abandoned Vehicles,Transfer (City),90016
2014-01-01T00:00:00,15:25:06,DOT,Department of Transportation,Abandoned Vehicles,Transfer (City),90016
2014-01-01T00:00:00,15:25:06,DOT,Department of Transportation,Abandoned Vehicles,Transfer (City),90016
2014-01-01T00:00:00,15:25:06,DOT,Department of Transportation,Abandoned Vehicles,Transfer (City),90016
2014-01-01T00:00:00,15:25:06,DOT,Department of Transportation,Abandoned Vehicles,Transfer (City),90016
2014-01-01T00:00:00,15:25:06,DOT,Department of Transportation,Abandoned Vehicles,Transfer (City),90016
2014-01-01T00:00:00,15:26:04,LAPD,Los Angeles Police Department,877 ASK-LAPD - Non-emergency Police Service,Transfer (City),91324
2014-01-01T00:00:00,15:26:17,BOS,PW/Bureau of Sanitation,Bulky Item Pick-up,Service Request Processed,90011
2014-01-01T00:00:00,15:26:17,BOS,PW/Bureau of Sanitation,Bulky Item Pick-up,Service Request Processed,90011
2014-01-01T00:00:00,15:26:17,BOS,PW/Bureau of Sanitation,Bulky Item Pick-up,Service Request Processed,90011
2014-01-01T00:00:00,15:26:17,BOS,PW/Bureau of Sanitation,Bulky Item Pick-up,Service Request Processed,90011
2014-01-01T00:00:00,15:26:17,BOS,PW/Bureau of Sanitation,Bulky Item Pick-up,Service Request Processed,90011
2014-01-01T00:00:00,15:26:17,BOS,PW/Bureau of Sanitation,Bulky Item Pick-up,Service Request Processed,90011
2014-01-01T00:00:00,15:26:17,BOS,PW/Bureau of Sanitation,Bulky Item Pick-up,Service Request Processed,90011
2014-01-01T00:00:00,15:26:17,BOS,PW/Bureau of Sanitation,Bulky Item Pick-up,Service Request Processed,90011
2014-01-01T00:00:00,15:26:22,LADBS,Department of Building and Safety,Report a Property Violation,Service Request Processed,90012
2014-01-01T00:00:00,15:28:30,BOS,PW/Bureau of Sanitation,Bulky Item Pick-up,Service Request Processed,90065
2014-01-01T00:00:00,15:28:31,BPW,PW/Board of Public Works,Graffiti Removal - Community Beautification,Service Request Processed,90015
2014-01-01T00:00:00,15:28:36,LAPD,Los Angeles Police Department,877 ASK-LAPD - Non-emergency Police Service,Transfer (City),90003
2014-01-01T00:00:00,15:28:40,BPW,PW/Board of Public Works,Graffiti Removal - Community Beautification,Service Request Processed,90015
2014-01-01T00:00:00,15:28:40,BPW,PW/Board of Public Works,Graffiti Removal - Community Beautification,Service Request Processed,90015
2014-01-01T00:00:00,15:28:53,BPW,PW/Board of Public Works,Graffiti Removal - Community Beautification,Service Request Processed,90027
2014-01-01T00:00:00,15:28:53,BPW,PW/Board of Public Works,Graffiti Removal - Community Beautification,Service Request Processed,90027
2014-01-01T00:00:00,15:29:09,BOS,PW/Bureau of Sanitation,Bulky Item Pick-up,Service Request Processed,91606
2014-01-01T00:00:00,15:29:16,BPW,PW/Board of Public Works,Graffiti Removal - Community Beautification,Service Request Processed,90065
2014-01-01T00:00:00,15:29:16,BPW,PW/Board of Public Works,Graffiti Removal - Community Beautification,Service Request Processed,90065
2014-01-01T00:00:00,15:29:30,BPW,PW/Board of Public Works,Graffiti Removal - Community Beautification,Service Request Processed,90036
2014-01-01T00:00:00,15:29:30,BPW,PW/Board of Public Works,Graffiti Removal - Community Beautification,Service Request Processed,90036
2014-01-01T00:00:00,15:29:47,BPW,PW/Board of Public Works,Graffiti Removal - Community Beautification,Service Request Processed,90006
2014-01-01T00:00:00,15:29:47,BPW,PW/Board of Public Works,Graffiti Removal - Community Beautification,Service Request Processed,90006
2014-01-01T00:00:00,15:29:48,ITA,Information Technology Agency,3-1-1 Radio Room,Transfer (City),91601
2014-01-01T00:00:00,15:29:55,BOS,PW/Bureau of Sanitation,Bulky Item Pick-up,Gave Caller Information,90232
2014-01-01T00:00:00,15:30:10,BPW,PW/Board of Public Works,Graffiti Removal - Community Beautification,Service Request Processed,90001
2014-01-01T00:00:00,15:30:15,DWP,Department of Water and Power,DWP Discount Rates,Transfer (City),90026
2014-01-01T00:00:00,15:30:21,BOS,PW/Bureau of Sanitation,Bulky Item Pick-up,Service Request Processed,91345
2014-01-01T00:00:00,15:30:39,LAPD,Los Angeles Police Department,877 ASK-LAPD - Non-emergency Police Service,Transfer (City),90744
2014-01-01T00:00:00,15:30:40,DOT,Department of Transportation,Parking Enforcement Officer Complaints,Transfer (City),90043
2014-01-01T00:00:00,15:32:38,LAPD,Los Angeles Police Department,877 ASK-LAPD - Non-emergency Police Service,Transfer (City),91423
2014-01-01T00:00:00,15:36:46,DOT,Department of Transportation,Report Broken Parking Meters,Transfer (City),99999
2014-01-01T00:00:00,15:37:29,BOS,PW/Bureau of Sanitation,Bulky Item Pick-up,Gave Caller Information,91402
2014-01-01T00:00:00,15:38:25,DOT,Department of Transportation,Blocked Driveways,Transfer (City),91331
2014-01-01T00:00:00,15:39:50,DWP,Department of Water and Power,LADWP Central Operator,Transfer (City),91344
2014-01-01T00:00:00,15:40:04,LAPD,Los Angeles Police Department,Police Stations (Front Desk / Public Counter - 25 locations),Transfer (City),90029
2014-01-01T00:00:00,15:40:16,LAPD,Los Angeles Police Department,877 ASK-LAPD - Non-emergency Police Service,Transfer (City),99999
2014-01-01T00:00:00,15:41:55,BOS,PW/Bureau of Sanitation,Bulky Item Pick-up,Service Request Processed,91367
2014-01-01T00:00:00,15:44:00,DOT,Department of Transportation,Impounded/Towed Vehicle,Transfer (City),91401
2014-01-01T00:00:00,15:44:16,BOS,PW/Bureau of Sanitation,Bulky Item Pick-up,Service Request Processed,90744
2014-01-01T00:00:00,15:47:53,BPW,PW/Board of Public Works,Graffiti Removal - Community Beautification,Service Request Processed,90032
2014-01-01T00:00:00,15:48:42,BOS,PW/Bureau of Sanitation,Bulky Item Pick-up,Service Request Processed,90016
2014-01-01T00:00:00,15:49:56,BPW,PW/Board of Public Works,Graffiti Removal - Community Beautification,Service Request Processed,91405
2014-01-01T00:00:00,15:50:39,,,,Caller Hung Up,
2014-01-01T00:00:00,15:51:00,BPW,PW/Board of Public Works,Graffiti Removal - Community Beautification,Service Request Processed,90039
2014-01-01T00:00:00,15:51:15,DOT,Department of Transportation,Impounded/Towed Vehicle,Gave Caller Information,99999
2014-01-01T00:00:00,15:51:40,BOS,PW/Bureau of Sanitation,Bulky Item Pick-up,Service Request Processed,90044
2014-01-01T00:00:00,15:52:19,DOT,Department of Transportation,Blocked Driveways,Transfer (City),90024
2014-01-01T00:00:00,15:53:08,BOS,PW/Bureau of Sanitation,Bulky Item Pick-up,Service Request Processed,91342
2014-01-01T00:00:00,15:53:23,ITA,Information Technology Agency,3-1-1 Radio Room,Warm Transfer (City),91311
2014-01-01T00:00:00,15:53:37,BOS,PW/Bureau of Sanitation,Bulky Item Pick-up,Service Request Processed,90012
2014-01-01T00:00:00,15:53:51,DOT,Department of Transportation,Impounded/Towed Vehicle,Transfer (City),90068
2014-01-01T00:00:00,15:55:13,BOS,PW/Bureau of Sanitation,Bulky Item Pick-up,Service Request Processed,90026
2014-01-01T00:00:00,15:55:36,BOS,PW/Bureau of Sanitation,Holiday Trash Collection,Gave Caller Information,90007
2014-01-01T00:00:00,15:56:39,BOS,PW/Bureau of Sanitation,Bulky Item Pick-up,Service Request Processed,91605
2014-01-01T00:00:00,15:56:58,,,,Static/Ghost Call,
2014-01-01T00:00:00,15:58:35,LADBS,Department of Building and Safety,Report a Property Violation,Service Request Processed,91607
2014-01-01T00:00:00,15:58:45,DOT,Department of Transportation,Parking Enforcement,Transfer (City),90291
2014-01-01T00:00:00,15:58:49,,,,Caller Hung Up,
